Detector, Descriptor, Image id, No matched keypoints in ROI, TTC lidar, TTC camera
SHITOMASI,BRISK,0,0,nan,nan
SHITOMASI,BRISK,1,59,12.9722,14.1119
SHITOMASI,BRISK,2,59,12.264,12.9876
SHITOMASI,BRISK,3,58,13.9161,13.4904
SHITOMASI,BRISK,4,63,7.11572,12.398
SHITOMASI,BRISK,5,63,16.2511,12.6754
SHITOMASI,BRISK,6,61,12.4213,14.5029
SHITOMASI,BRISK,7,64,34.3404,12.9117
SHITOMASI,BRISK,8,58,9.34376,15.5997
SHITOMASI,BRISK,9,66,18.1318,11.5126
SHITOMASI,BRISK,10,57,18.0318,14.685
SHITOMASI,BRISK,11,60,3.83244,11.3024
SHITOMASI,BRISK,12,78,nan,11.6524
SHITOMASI,BRISK,13,75,9.22307,11.7243
SHITOMASI,BRISK,14,75,10.9678,11.5069
SHITOMASI,BRISK,15,64,8.09422,9.33785
SHITOMASI,BRISK,16,63,3.17535,11.3079
SHITOMASI,BRISK,17,66,nan,11.4487
SHITOMASI,BRISK,18,71,8.30978,9.12792
SHITOMASI,BRIEF,0,0,nan,nan
SHITOMASI,BRIEF,1,77,12.9722,13.8948
SHITOMASI,BRIEF,2,88,12.264,13.1487
SHITOMASI,BRIEF,3,86,13.9161,12.8187
SHITOMASI,BRIEF,4,81,7.11572,13.3479
SHITOMASI,BRIEF,5,85,16.2511,12.1886
SHITOMASI,BRIEF,6,75,12.4213,14.1323
SHITOMASI,BRIEF,7,94,34.3404,18.3368
SHITOMASI,BRIEF,8,99,9.34376,12.3793
SHITOMASI,BRIEF,9,80,18.1318,11.9106
SHITOMASI,BRIEF,10,85,18.0318,13.3448
SHITOMASI,BRIEF,11,71,3.83244,12.1365
SHITOMASI,BRIEF,12,90,nan,11.848
SHITOMASI,BRIEF,13,101,9.22307,12.0205
SHITOMASI,BRIEF,14,81,10.9678,12.1773
SHITOMASI,BRIEF,15,84,8.09422,11.7948
SHITOMASI,BRIEF,16,92,3.17535,10.7212
SHITOMASI,BRIEF,17,85,nan,11.1503
SHITOMASI,BRIEF,18,96,8.30978,7.75039
SHITOMASI,ORB,0,0,nan,nan
SHITOMASI,ORB,1,70,12.9722,13.8003
SHITOMASI,ORB,2,69,12.264,13.7007
SHITOMASI,ORB,3,81,13.9161,11.6626
SHITOMASI,ORB,4,78,7.11572,12.1506
SHITOMASI,ORB,5,84,16.2511,12.2747
SHITOMASI,ORB,6,76,12.4213,14.0207
SHITOMASI,ORB,7,79,34.3404,13.8434
SHITOMASI,ORB,8,92,9.34376,12.1848
SHITOMASI,ORB,9,82,18.1318,11.274
SHITOMASI,ORB,10,81,18.0318,13.1345
SHITOMASI,ORB,11,76,3.83244,11.3027
SHITOMASI,ORB,12,82,nan,12.269
SHITOMASI,ORB,13,93,9.22307,12.3002
SHITOMASI,ORB,14,76,10.9678,12.7031
SHITOMASI,ORB,15,82,8.09422,10.2642
SHITOMASI,ORB,16,79,3.17535,12.2258
SHITOMASI,ORB,17,83,nan,11.5605
SHITOMASI,ORB,18,89,8.30978,8.99642
SHITOMASI,FREAK,0,0,nan,nan
SHITOMASI,FREAK,1,57,12.9722,13.6546
SHITOMASI,FREAK,2,54,12.264,13.1487
SHITOMASI,FREAK,3,59,13.9161,11.0399
SHITOMASI,FREAK,4,62,7.11572,12.9209
SHITOMASI,FREAK,5,66,16.2511,12.5939
SHITOMASI,FREAK,6,64,12.4213,14.2385
SHITOMASI,FREAK,7,66,34.3404,12.8908
SHITOMASI,FREAK,8,66,9.34376,12.8515
SHITOMASI,FREAK,9,67,18.1318,11.6077
SHITOMASI,FREAK,10,61,18.0318,13.203
SHITOMASI,FREAK,11,51,3.83244,11.9293
SHITOMASI,FREAK,12,75,nan,11.7855
SHITOMASI,FREAK,13,67,9.22307,12.26
SHITOMASI,FREAK,14,65,10.9678,11.5161
SHITOMASI,FREAK,15,65,8.09422,10.1
SHITOMASI,FREAK,16,60,3.17535,13.4725
SHITOMASI,FREAK,17,67,nan,11.6181
SHITOMASI,FREAK,18,68,8.30978,9.52513
SHITOMASI,SIFT,0,0,nan,nan
SHITOMASI,SIFT,1,71,12.9722,14.0747
SHITOMASI,SIFT,2,77,12.264,14.5897
SHITOMASI,SIFT,3,82,13.9161,12.9992
SHITOMASI,SIFT,4,81,7.11572,13.016
SHITOMASI,SIFT,5,81,16.2511,12.5939
SHITOMASI,SIFT,6,75,12.4213,14.1323
SHITOMASI,SIFT,7,87,34.3404,12.7975
SHITOMASI,SIFT,8,82,9.34376,14.5085
SHITOMASI,SIFT,9,78,18.1318,12.2319
SHITOMASI,SIFT,10,88,18.0318,13.3599
SHITOMASI,SIFT,11,76,3.83244,11.5611
SHITOMASI,SIFT,12,94,nan,11.6524
SHITOMASI,SIFT,13,90,9.22307,12.0767
SHITOMASI,SIFT,14,81,10.9678,12.4718
SHITOMASI,SIFT,15,86,8.09422,12.3292
SHITOMASI,SIFT,16,82,3.17535,11.9908
SHITOMASI,SIFT,17,84,nan,11.5312
SHITOMASI,SIFT,18,89,8.30978,10.9222
HARRIS,BRISK,0,0,nan,nan
HARRIS,BRISK,1,7,12.9722,10.9082
HARRIS,BRISK,2,8,12.264,10.586
HARRIS,BRISK,3,7,13.9161,-80.8525
HARRIS,BRISK,4,11,7.11572,11.5792
HARRIS,BRISK,5,12,16.2511,-inf
HARRIS,BRISK,6,9,12.4213,12.9945
HARRIS,BRISK,7,15,34.3404,11.6947
HARRIS,BRISK,8,14,9.34376,17.6204
HARRIS,BRISK,9,7,18.1318,nan
HARRIS,BRISK,10,3,18.0318,-inf
HARRIS,BRISK,11,6,3.83244,-inf
HARRIS,BRISK,12,8,nan,12.245
HARRIS,BRISK,13,12,9.22307,568.322
HARRIS,BRISK,14,9,10.9678,7.72144
HARRIS,BRISK,15,9,8.09422,-13.6263
HARRIS,BRISK,16,17,3.17535,6.65726
HARRIS,BRISK,17,7,nan,12.5848
HARRIS,BRISK,18,4,8.30978,-inf
HARRIS,BRIEF,0,0,nan,nan
HARRIS,BRIEF,1,9,12.9722,10.9082
HARRIS,BRIEF,2,5,12.264,nan
HARRIS,BRIEF,3,9,13.9161,-11.4731
HARRIS,BRIEF,4,11,7.11572,11.5792
HARRIS,BRIEF,5,18,16.2511,19.4967
HARRIS,BRIEF,6,13,12.4213,13.6217
HARRIS,BRIEF,7,18,34.3404,14.2744
HARRIS,BRIEF,8,15,9.34376,17.6204
HARRIS,BRIEF,9,8,18.1318,nan
HARRIS,BRIEF,10,10,18.0318,20.5862
HARRIS,BRIEF,11,11,3.83244,11.7414
HARRIS,BRIEF,12,11,nan,12.245
HARRIS,BRIEF,13,14,9.22307,13.4327
HARRIS,BRIEF,14,10,10.9678,5.6061
HARRIS,BRIEF,15,11,8.09422,-13.6263
HARRIS,BRIEF,16,19,3.17535,6.71705
HARRIS,BRIEF,17,11,nan,12.5848
HARRIS,BRIEF,18,3,8.30978,-inf
HARRIS,ORB,0,0,nan,nan
HARRIS,ORB,1,9,12.9722,10.9082
HARRIS,ORB,2,5,12.264,nan
HARRIS,ORB,3,10,13.9161,-11.4731
HARRIS,ORB,4,11,7.11572,11.5792
HARRIS,ORB,5,17,16.2511,35.3833
HARRIS,ORB,6,11,12.4213,13.5907
HARRIS,ORB,7,18,34.3404,13.497
HARRIS,ORB,8,15,9.34376,17.6204
HARRIS,ORB,9,7,18.1318,nan
HARRIS,ORB,10,8,18.0318,20.5862
HARRIS,ORB,11,12,3.83244,11.7414
HARRIS,ORB,12,10,nan,12.245
HARRIS,ORB,13,12,9.22307,568.322
HARRIS,ORB,14,11,10.9678,5.66097
HARRIS,ORB,15,11,8.09422,-13.6263
HARRIS,ORB,16,17,3.17535,7.03775
HARRIS,ORB,17,9,nan,12.5848
HARRIS,ORB,18,3,8.30978,-inf
HARRIS,FREAK,0,0,nan,nan
HARRIS,FREAK,1,7,12.9722,9.74953
HARRIS,FREAK,2,4,12.264,nan
HARRIS,FREAK,3,7,13.9161,-10.295
HARRIS,FREAK,4,8,7.11572,12.1284
HARRIS,FREAK,5,12,16.2511,39.584
HARRIS,FREAK,6,8,12.4213,13.5907
HARRIS,FREAK,7,15,34.3404,12.3379
HARRIS,FREAK,8,11,9.34376,12.9162
HARRIS,FREAK,9,6,18.1318,nan
HARRIS,FREAK,10,7,18.0318,10.2931
HARRIS,FREAK,11,5,3.83244,-inf
HARRIS,FREAK,12,9,nan,12.245
HARRIS,FREAK,13,10,9.22307,13.4327
HARRIS,FREAK,14,6,10.9678,nan
HARRIS,FREAK,15,4,8.09422,-inf
HARRIS,FREAK,16,14,3.17535,6.71705
HARRIS,FREAK,17,8,nan,nan
HARRIS,FREAK,18,6,8.30978,nan
HARRIS,SIFT,0,0,nan,nan
HARRIS,SIFT,1,9,12.9722,10.9082
HARRIS,SIFT,2,9,12.264,11.0081
HARRIS,SIFT,3,10,13.9161,-11.4731
HARRIS,SIFT,4,11,7.11572,11.5792
HARRIS,SIFT,5,18,16.2511,19.4967
HARRIS,SIFT,6,13,12.4213,15.2483
HARRIS,SIFT,7,18,34.3404,13.497
HARRIS,SIFT,8,15,9.34376,17.6204
HARRIS,SIFT,9,9,18.1318,3.30058
HARRIS,SIFT,10,9,18.0318,20.5862
HARRIS,SIFT,11,13,3.83244,11.7414
HARRIS,SIFT,12,10,nan,12.245
HARRIS,SIFT,13,12,9.22307,568.322
HARRIS,SIFT,14,10,10.9678,5.6061
HARRIS,SIFT,15,11,8.09422,-13.6263
HARRIS,SIFT,16,19,3.17535,6.71705
HARRIS,SIFT,17,10,nan,12.5848
HARRIS,SIFT,18,5,8.30978,-inf
FAST,BRISK,0,0,nan,nan
FAST,BRISK,1,58,12.9722,12.3
FAST,BRISK,2,67,12.264,12.3453
FAST,BRISK,3,75,13.9161,14.1877
FAST,BRISK,4,68,7.11572,12.8857
FAST,BRISK,5,65,16.2511,-inf
FAST,BRISK,6,69,12.4213,13.0386
FAST,BRISK,7,77,34.3404,12.041
FAST,BRISK,8,72,9.34376,11.4066
FAST,BRISK,9,75,18.1318,11.8684
FAST,BRISK,10,74,18.0318,13.3473
FAST,BRISK,11,67,3.83244,12.9492
FAST,BRISK,12,86,nan,12.1174
FAST,BRISK,13,87,9.22307,12.1074
FAST,BRISK,14,82,10.9678,11.6077
FAST,BRISK,15,79,8.09422,11.4079
FAST,BRISK,16,86,3.17535,12.2566
FAST,BRISK,17,89,nan,9.2933
FAST,BRISK,18,84,8.30978,11.8606
FAST,BRIEF,0,0,nan,nan
FAST,BRIEF,1,83,12.9722,11.1897
FAST,BRIEF,2,85,12.264,12.5319
FAST,BRIEF,3,92,13.9161,17.3793
FAST,BRIEF,4,88,7.11572,13.6612
FAST,BRIEF,5,84,16.2511,30.2446
FAST,BRIEF,6,81,12.4213,13.5856
FAST,BRIEF,7,97,34.3404,12.2781
FAST,BRIEF,8,82,9.34376,12.5357
FAST,BRIEF,9,87,18.1318,13.4042
FAST,BRIEF,10,88,18.0318,13.4879
FAST,BRIEF,11,83,3.83244,14.132
FAST,BRIEF,12,93,nan,12.6994
FAST,BRIEF,13,94,9.22307,12.3705
FAST,BRIEF,14,104,10.9678,11.7034
FAST,BRIEF,15,97,8.09422,12.1403
FAST,BRIEF,16,102,3.17535,12.5062
FAST,BRIEF,17,104,nan,8.48654
FAST,BRIEF,18,96,8.30978,12.6126
FAST,ORB,0,0,nan,nan
FAST,ORB,1,75,12.9722,12.0985
FAST,ORB,2,84,12.264,12.8193
FAST,ORB,3,89,13.9161,16.3163
FAST,ORB,4,84,7.11572,13.9934
FAST,ORB,5,82,16.2511,37.8535
FAST,ORB,6,78,12.4213,14.0835
FAST,ORB,7,86,34.3404,12.559
FAST,ORB,8,90,9.34376,11.9141
FAST,ORB,9,93,18.1318,12.8711
FAST,ORB,10,89,18.0318,13.8572
FAST,ORB,11,78,3.83244,18.3152
FAST,ORB,12,87,nan,12.7731
FAST,ORB,13,94,9.22307,12.9215
FAST,ORB,14,96,10.9678,11.1115
FAST,ORB,15,97,8.09422,10.8439
FAST,ORB,16,100,3.17535,11.3939
FAST,ORB,17,102,nan,10.6085
FAST,ORB,18,95,8.30978,12.6746
FAST,FREAK,0,0,nan,nan
FAST,FREAK,1,58,12.9722,11.7503
FAST,FREAK,2,63,12.264,13.8852
FAST,FREAK,3,73,13.9161,13.2171
FAST,FREAK,4,62,7.11572,13.8462
FAST,FREAK,5,54,16.2511,46.5554
FAST,FREAK,6,66,12.4213,12.5009
FAST,FREAK,7,67,34.3404,12.2695
FAST,FREAK,8,69,9.34376,11.5467
FAST,FREAK,9,66,18.1318,12.8498
FAST,FREAK,10,73,18.0318,13.4169
FAST,FREAK,11,60,3.83244,13.0373
FAST,FREAK,12,85,nan,12.1376
FAST,FREAK,13,86,9.22307,11.9908
FAST,FREAK,14,71,10.9678,11.2961
FAST,FREAK,15,65,8.09422,12.1357
FAST,FREAK,16,87,3.17535,12.0008
FAST,FREAK,17,83,nan,8.79801
FAST,FREAK,18,74,8.30978,12.0558
FAST,SIFT,0,0,nan,nan
FAST,SIFT,1,73,12.9722,12.3806
FAST,SIFT,2,84,12.264,13.4194
FAST,SIFT,3,85,13.9161,16.3163
FAST,SIFT,4,90,7.11572,14.3647
FAST,SIFT,5,84,16.2511,30.2446
FAST,SIFT,6,82,12.4213,13.9137
FAST,SIFT,7,82,34.3404,12.3758
FAST,SIFT,8,83,9.34376,12.3008
FAST,SIFT,9,82,18.1318,13.3673
FAST,SIFT,10,91,18.0318,13.7804
FAST,SIFT,11,76,3.83244,14.4892
FAST,SIFT,12,91,nan,12.4665
FAST,SIFT,13,101,9.22307,12.4741
FAST,SIFT,14,93,10.9678,11.7034
FAST,SIFT,15,100,8.09422,11.8472
FAST,SIFT,16,94,3.17535,12.6742
FAST,SIFT,17,105,nan,7.87485
FAST,SIFT,18,92,8.30978,12.0819
BRISK,BRISK,0,0,nan,nan
BRISK,BRISK,1,106,12.9722,13.031
BRISK,BRISK,2,127,12.264,23.1027
BRISK,BRISK,3,136,13.9161,14.682
BRISK,BRISK,4,125,7.11572,15.2031
BRISK,BRISK,5,99,16.2511,25.6255
BRISK,BRISK,6,120,12.4213,17.6743
BRISK,BRISK,7,133,34.3404,16.8563
BRISK,BRISK,8,114,9.34376,17.3141
BRISK,BRISK,9,130,18.1318,13.8959
BRISK,BRISK,10,134,18.0318,13.4121
BRISK,BRISK,11,131,3.83244,12.8176
BRISK,BRISK,12,149,nan,11.0107
BRISK,BRISK,13,155,9.22307,11.8505
BRISK,BRISK,14,137,10.9678,12.0376
BRISK,BRISK,15,137,8.09422,13.9578
BRISK,BRISK,16,139,3.17535,11.2969
BRISK,BRISK,17,154,nan,9.32673
BRISK,BRISK,18,161,8.30978,11.5236
BRISK,BRIEF,0,0,nan,nan
BRISK,BRIEF,1,106,12.9722,13.8225
BRISK,BRIEF,2,125,12.264,19.5646
BRISK,BRIEF,3,147,13.9161,14.5428
BRISK,BRIEF,4,122,7.11572,20.5163
BRISK,BRIEF,5,116,16.2511,17.7337
BRISK,BRIEF,6,123,12.4213,19.9254
BRISK,BRIEF,7,138,34.3404,19.1057
BRISK,BRIEF,8,130,9.34376,18.4531
BRISK,BRIEF,9,135,18.1318,16.7517
BRISK,BRIEF,10,123,18.0318,15.6164
BRISK,BRIEF,11,118,3.83244,14.8279
BRISK,BRIEF,12,143,nan,15.6771
BRISK,BRIEF,13,138,9.22307,12.6882
BRISK,BRIEF,14,144,10.9678,13.009
BRISK,BRIEF,15,157,8.09422,11.054
BRISK,BRIEF,16,138,3.17535,13.9521
BRISK,BRIEF,17,178,nan,11.7762
BRISK,BRIEF,18,152,8.30978,12.9615
BRISK,ORB,0,0,nan,nan
BRISK,ORB,1,94,12.9722,14.5006
BRISK,ORB,2,117,12.264,19.5049
BRISK,ORB,3,133,13.9161,14.9394
BRISK,ORB,4,111,7.11572,16.3706
BRISK,ORB,5,99,16.2511,20.3428
BRISK,ORB,6,111,12.4213,20.629
BRISK,ORB,7,107,34.3404,17.9827
BRISK,ORB,8,119,9.34376,16.0691
BRISK,ORB,9,124,18.1318,15.0023
BRISK,ORB,10,128,18.0318,12.2923
BRISK,ORB,11,125,3.83244,13.9703
BRISK,ORB,12,127,nan,12.8608
BRISK,ORB,13,130,9.22307,11.5189
BRISK,ORB,14,138,10.9678,12.1556
BRISK,ORB,15,148,8.09422,11.4651
BRISK,ORB,16,115,3.17535,11.7901
BRISK,ORB,17,147,nan,10.2975
BRISK,ORB,18,153,8.30978,11.4493
BRISK,FREAK,0,0,nan,nan
BRISK,FREAK,1,100,12.9722,12.3483
BRISK,FREAK,2,111,12.264,21.0838
BRISK,FREAK,3,134,13.9161,13.9222
BRISK,FREAK,4,115,7.11572,13.6652
BRISK,FREAK,5,93,16.2511,23.8766
BRISK,FREAK,6,106,12.4213,16.0739
BRISK,FREAK,7,125,34.3404,15.4463
BRISK,FREAK,8,106,9.34376,18.0417
BRISK,FREAK,9,114,18.1318,16.872
BRISK,FREAK,10,134,18.0318,13.8946
BRISK,FREAK,11,114,3.83244,13.7618
BRISK,FREAK,12,139,nan,11.6884
BRISK,FREAK,13,123,9.22307,12.7413
BRISK,FREAK,14,130,10.9678,11.4007
BRISK,FREAK,15,128,8.09422,14.7269
BRISK,FREAK,16,138,3.17535,10.194
BRISK,FREAK,17,150,nan,9.19943
BRISK,FREAK,18,139,8.30978,10.6755
BRISK,SIFT,0,0,nan,nan
BRISK,SIFT,1,100,12.9722,13.2855
BRISK,SIFT,2,114,12.264,16.2106
BRISK,SIFT,3,132,13.9161,16.7936
BRISK,SIFT,4,113,7.11572,11.8977
BRISK,SIFT,5,98,16.2511,29.3791
BRISK,SIFT,6,110,12.4213,15.3779
BRISK,SIFT,7,124,34.3404,13.8561
BRISK,SIFT,8,110,9.34376,15.879
BRISK,SIFT,9,128,18.1318,17.7328
BRISK,SIFT,10,137,18.0318,14.7719
BRISK,SIFT,11,116,3.83244,14.0406
BRISK,SIFT,12,144,nan,11.1832
BRISK,SIFT,13,139,9.22307,14.2826
BRISK,SIFT,14,131,10.9678,10.9752
BRISK,SIFT,15,136,8.09422,14.4003
BRISK,SIFT,16,122,3.17535,10.6877
BRISK,SIFT,17,144,nan,10.6205
BRISK,SIFT,18,151,8.30978,12.1137
ORB,BRISK,0,0,nan,nan
ORB,BRISK,1,40,12.9722,14.4
ORB,BRISK,2,38,12.264,20.1071
ORB,BRISK,3,47,13.9161,15.7403
ORB,BRISK,4,45,7.11572,43.2996
ORB,BRISK,5,42,16.2511,558.789
ORB,BRISK,6,53,12.4213,10.8411
ORB,BRISK,7,45,34.3404,117.685
ORB,BRISK,8,43,9.34376,11.0913
ORB,BRISK,9,35,18.1318,-inf
ORB,BRISK,10,43,18.0318,21.187
ORB,BRISK,11,38,3.83244,8.29125
ORB,BRISK,12,38,nan,-inf
ORB,BRISK,13,48,9.22307,7.71469
ORB,BRISK,14,40,10.9678,54.1773
ORB,BRISK,15,38,8.09422,12.1248
ORB,BRISK,16,38,3.17535,-inf
ORB,BRISK,17,45,nan,14.4347
ORB,BRISK,18,44,8.30978,28.0396
ORB,BRIEF,0,0,nan,nan
ORB,BRIEF,1,24,12.9722,21.3418
ORB,BRIEF,2,26,12.264,-inf
ORB,BRIEF,3,44,13.9161,105.121
ORB,BRIEF,4,35,7.11572,12.6401
ORB,BRIEF,5,32,16.2511,20.2303
ORB,BRIEF,6,18,12.4213,-48.152
ORB,BRIEF,7,33,34.3404,-inf
ORB,BRIEF,8,41,9.34376,34.6298
ORB,BRIEF,9,28,18.1318,-inf
ORB,BRIEF,10,35,18.0318,25.1256
ORB,BRIEF,11,24,3.83244,19.0934
ORB,BRIEF,12,28,nan,22.5603
ORB,BRIEF,13,25,9.22307,18.2207
ORB,BRIEF,14,37,10.9678,10.9178
ORB,BRIEF,15,27,8.09422,17.3561
ORB,BRIEF,16,28,3.17535,11.5879
ORB,BRIEF,17,28,nan,15.0441
ORB,BRIEF,18,25,8.30978,19.7379
ORB,ORB,0,0,nan,nan
ORB,ORB,1,35,12.9722,117.551
ORB,ORB,2,42,12.264,10.1192
ORB,ORB,3,47,13.9161,14.9194
ORB,ORB,4,45,7.11572,27.1889
ORB,ORB,5,32,16.2511,134.77
ORB,ORB,6,47,12.4213,18.4549
ORB,ORB,7,44,34.3404,-inf
ORB,ORB,8,46,9.34376,15.702
ORB,ORB,9,42,18.1318,-inf
ORB,ORB,10,33,18.0318,-inf
ORB,ORB,11,37,3.83244,8.67701
ORB,ORB,12,41,nan,-inf
ORB,ORB,13,36,9.22307,-inf
ORB,ORB,14,43,10.9678,-inf
ORB,ORB,15,43,8.09422,28.2728
ORB,ORB,16,41,3.17535,20.1994
ORB,ORB,17,50,nan,12.8853
ORB,ORB,18,40,8.30978,50.0669
ORB,FREAK,0,0,nan,nan
ORB,FREAK,1,17,12.9722,12.2074
ORB,FREAK,2,27,12.264,38.9372
ORB,FREAK,3,27,13.9161,11.669
ORB,FREAK,4,25,7.11572,11.3707
ORB,FREAK,5,22,16.2511,-inf
ORB,FREAK,6,31,12.4213,12.8725
ORB,FREAK,7,29,34.3404,-inf
ORB,FREAK,8,25,9.34376,9.02151
ORB,FREAK,9,25,18.1318,13.3992
ORB,FREAK,10,23,18.0318,-545.044
ORB,FREAK,11,22,3.83244,8.29125
ORB,FREAK,12,21,nan,35.8486
ORB,FREAK,13,27,9.22307,7.16642
ORB,FREAK,14,30,10.9678,68.7263
ORB,FREAK,15,26,8.09422,8.58
ORB,FREAK,16,30,3.17535,10.0181
ORB,FREAK,17,26,nan,11.3219
ORB,FREAK,18,24,8.30978,8.73235
ORB,SIFT,0,0,nan,nan
ORB,SIFT,1,40,12.9722,14.8587
ORB,SIFT,2,42,12.264,13.8583
ORB,SIFT,3,48,13.9161,15.4791
ORB,SIFT,4,47,7.11572,-inf
ORB,SIFT,5,44,16.2511,502.13
ORB,SIFT,6,54,12.4213,17.9796
ORB,SIFT,7,52,34.3404,127.591
ORB,SIFT,8,56,9.34376,10.7453
ORB,SIFT,9,44,18.1318,21.2278
ORB,SIFT,10,38,18.0318,25.1619
ORB,SIFT,11,40,3.83244,8.32267
ORB,SIFT,12,46,nan,-inf
ORB,SIFT,13,42,9.22307,9.25585
ORB,SIFT,14,57,10.9678,13.7643
ORB,SIFT,15,38,8.09422,33.3507
ORB,SIFT,16,50,3.17535,9.81389
ORB,SIFT,17,44,nan,18.702
ORB,SIFT,18,48,8.30978,14.2111
AKAZE,BRISK,0,0,nan,nan
AKAZE,BRISK,1,89,12.9722,12.8422
AKAZE,BRISK,2,95,12.264,15.7048
AKAZE,BRISK,3,101,13.9161,13.3659
AKAZE,BRISK,4,102,7.11572,14.5085
AKAZE,BRISK,5,96,16.2511,14.846
AKAZE,BRISK,6,97,12.4213,14.7084
AKAZE,BRISK,7,110,34.3404,15.8833
AKAZE,BRISK,8,115,9.34376,13.9229
AKAZE,BRISK,9,112,18.1318,13.8234
AKAZE,BRISK,10,114,18.0318,12.4778
AKAZE,BRISK,11,108,3.83244,12.3627
AKAZE,BRISK,12,104,nan,11.0871
AKAZE,BRISK,13,107,9.22307,10.0855
AKAZE,BRISK,14,95,10.9678,11.5788
AKAZE,BRISK,15,90,8.09422,12.0581
AKAZE,BRISK,16,105,3.17535,10.8543
AKAZE,BRISK,17,108,nan,9.63043
AKAZE,BRISK,18,108,8.30978,8.92524
AKAZE,BRIEF,0,0,nan,nan
AKAZE,BRIEF,1,91,12.9722,14.3649
AKAZE,BRIEF,2,112,12.264,15.0455
AKAZE,BRIEF,3,105,13.9161,14.3897
AKAZE,BRIEF,4,111,7.11572,13.8482
AKAZE,BRIEF,5,103,16.2511,15.0233
AKAZE,BRIEF,6,104,12.4213,15.2291
AKAZE,BRIEF,7,108,34.3404,16.572
AKAZE,BRIEF,8,123,9.34376,14.121
AKAZE,BRIEF,9,109,18.1318,16.7194
AKAZE,BRIEF,10,120,18.0318,11.5709
AKAZE,BRIEF,11,108,3.83244,13.0831
AKAZE,BRIEF,12,119,nan,12.6206
AKAZE,BRIEF,13,121,9.22307,10.0979
AKAZE,BRIEF,14,104,10.9678,11.3247
AKAZE,BRIEF,15,107,8.09422,11.3308
AKAZE,BRIEF,16,112,3.17535,10.1205
AKAZE,BRIEF,17,108,nan,9.85294
AKAZE,BRIEF,18,111,8.30978,9.7815
AKAZE,ORB,0,0,nan,nan
AKAZE,ORB,1,85,12.9722,13.0099
AKAZE,ORB,2,95,12.264,16.0425
AKAZE,ORB,3,98,13.9161,13.7883
AKAZE,ORB,4,94,7.11572,14.5389
AKAZE,ORB,5,100,16.2511,15.8082
AKAZE,ORB,6,87,12.4213,15.8497
AKAZE,ORB,7,111,34.3404,16.5629
AKAZE,ORB,8,112,9.34376,15.2575
AKAZE,ORB,9,98,18.1318,16.2841
AKAZE,ORB,10,120,18.0318,11.5597
AKAZE,ORB,11,99,3.83244,13.1799
AKAZE,ORB,12,114,nan,11.4861
AKAZE,ORB,13,98,9.22307,11.4626
AKAZE,ORB,14,109,10.9678,10.4385
AKAZE,ORB,15,104,8.09422,10.2055
AKAZE,ORB,16,105,3.17535,9.64969
AKAZE,ORB,17,100,nan,9.7292
AKAZE,ORB,18,99,8.30978,9.79672
AKAZE,FREAK,0,0,nan,nan
AKAZE,FREAK,1,84,12.9722,12.3081
AKAZE,FREAK,2,90,12.264,14.0983
AKAZE,FREAK,3,102,13.9161,14.4954
AKAZE,FREAK,4,96,7.11572,14.1762
AKAZE,FREAK,5,95,16.2511,16.2229
AKAZE,FREAK,6,97,12.4213,14.4455
AKAZE,FREAK,7,116,34.3404,15.372
AKAZE,FREAK,8,107,9.34376,15.5029
AKAZE,FREAK,9,95,18.1318,17.2454
AKAZE,FREAK,10,113,18.0318,11.8941
AKAZE,FREAK,11,101,3.83244,12.162
AKAZE,FREAK,12,98,nan,11.7755
AKAZE,FREAK,13,109,9.22307,10.7833
AKAZE,FREAK,14,109,10.9678,9.87627
AKAZE,FREAK,15,104,8.09422,9.73035
AKAZE,FREAK,16,99,3.17535,10.7239
AKAZE,FREAK,17,98,nan,9.47764
AKAZE,FREAK,18,102,8.30978,8.79442
AKAZE,AKAZE,0,0,nan,nan
AKAZE,AKAZE,1,95,12.9722,12.3168
AKAZE,AKAZE,2,96,12.264,15.2212
AKAZE,AKAZE,3,110,13.9161,13.1854
AKAZE,AKAZE,4,105,7.11572,14.2488
AKAZE,AKAZE,5,100,16.2511,16.4623
AKAZE,AKAZE,6,94,12.4213,14.8779
AKAZE,AKAZE,7,115,34.3404,15.2979
AKAZE,AKAZE,8,115,9.34376,15.269
AKAZE,AKAZE,9,107,18.1318,16.3553
AKAZE,AKAZE,10,119,18.0318,12.2822
AKAZE,AKAZE,11,106,3.83244,12.9512
AKAZE,AKAZE,12,117,nan,11.1809
AKAZE,AKAZE,13,113,9.22307,11.0846
AKAZE,AKAZE,14,109,10.9678,11.0979
AKAZE,AKAZE,15,101,8.09422,10.7774
AKAZE,AKAZE,16,109,3.17535,10.4
AKAZE,AKAZE,17,106,nan,9.60985
AKAZE,AKAZE,18,105,8.30978,9.5364
AKAZE,SIFT,0,0,nan,nan
AKAZE,SIFT,1,100,12.9722,12.4519
AKAZE,SIFT,2,106,12.264,15.2583
AKAZE,SIFT,3,113,13.9161,13.8031
AKAZE,SIFT,4,102,7.11572,14.2268
AKAZE,SIFT,5,100,16.2511,16.0576
AKAZE,SIFT,6,94,12.4213,16.5907
AKAZE,SIFT,7,116,34.3404,15.6234
AKAZE,SIFT,8,113,9.34376,14.832
AKAZE,SIFT,9,114,18.1318,14.8287
AKAZE,SIFT,10,127,18.0318,11.7862
AKAZE,SIFT,11,115,3.83244,12.3571
AKAZE,SIFT,12,119,nan,11.1895
AKAZE,SIFT,13,112,9.22307,11.4626
AKAZE,SIFT,14,112,10.9678,11.44
AKAZE,SIFT,15,103,8.09422,11.1914
AKAZE,SIFT,16,124,3.17535,9.89604
AKAZE,SIFT,17,109,nan,9.45174
AKAZE,SIFT,18,109,8.30978,9.6934
SIFT,BRISK,0,0,nan,nan
SIFT,BRISK,1,59,12.9722,11.5918
SIFT,BRISK,2,64,12.264,13.0542
SIFT,BRISK,3,79,13.9161,13.5432
SIFT,BRISK,4,68,7.11572,18.9447
SIFT,BRISK,5,60,16.2511,15.0724
SIFT,BRISK,6,72,12.4213,11.5722
SIFT,BRISK,7,81,34.3404,14.0533
SIFT,BRISK,8,82,9.34376,14.9979
SIFT,BRISK,9,81,18.1318,12.9428
SIFT,BRISK,10,62,18.0318,12.1381
SIFT,BRISK,11,61,3.83244,12.7588
SIFT,BRISK,12,62,nan,10.2518
SIFT,BRISK,13,62,9.22307,9.59755
SIFT,BRISK,14,66,10.9678,9.88336
SIFT,BRISK,15,61,8.09422,9.71646
SIFT,BRISK,16,71,3.17535,8.93159
SIFT,BRISK,17,56,nan,9.53044
SIFT,BRISK,18,55,8.30978,10.4772
SIFT,BRIEF,0,0,nan,nan
SIFT,BRIEF,1,71,12.9722,12.2506
SIFT,BRIEF,2,78,12.264,13.0807
SIFT,BRIEF,3,87,13.9161,15.0877
SIFT,BRIEF,4,72,7.11572,22.8595
SIFT,BRIEF,5,68,16.2511,13.2197
SIFT,BRIEF,6,84,12.4213,11.9659
SIFT,BRIEF,7,83,34.3404,15.7349
SIFT,BRIEF,8,86,9.34376,15.8137
SIFT,BRIEF,9,91,18.1318,12.7456
SIFT,BRIEF,10,69,18.0318,10.1241
SIFT,BRIEF,11,70,3.83244,12.033
SIFT,BRIEF,12,78,nan,10.1382
SIFT,BRIEF,13,68,9.22307,10.0226
SIFT,BRIEF,14,69,10.9678,10.6202
SIFT,BRIEF,15,65,8.09422,10.0867
SIFT,BRIEF,16,76,3.17535,9.47477
SIFT,BRIEF,17,56,nan,9.3448
SIFT,BRIEF,18,67,8.30978,8.7034
SIFT,FREAK,0,0,nan,nan
SIFT,FREAK,1,55,12.9722,11.2638
SIFT,FREAK,2,63,12.264,13.616
SIFT,FREAK,3,74,13.9161,13.5454
SIFT,FREAK,4,64,7.11572,20.5163
SIFT,FREAK,5,59,16.2511,15.1633
SIFT,FREAK,6,72,12.4213,11.9744
SIFT,FREAK,7,75,34.3404,14.4148
SIFT,FREAK,8,80,9.34376,13.1874
SIFT,FREAK,9,70,18.1318,13.9274
SIFT,FREAK,10,67,18.0318,11.3657
SIFT,FREAK,11,58,3.83244,13.5372
SIFT,FREAK,12,57,nan,10.7374
SIFT,FREAK,13,54,9.22307,10.056
SIFT,FREAK,14,57,10.9678,9.77994
SIFT,FREAK,15,55,8.09422,8.98705
SIFT,FREAK,16,72,3.17535,8.72439
SIFT,FREAK,17,49,nan,9.12142
SIFT,FREAK,18,58,8.30978,9.40627
SIFT,SIFT,0,0,nan,nan
SIFT,SIFT,1,84,12.9722,11.3868
SIFT,SIFT,2,81,12.264,12.5726
SIFT,SIFT,3,94,13.9161,12.9422
SIFT,SIFT,4,86,7.11572,18.8184
SIFT,SIFT,5,82,16.2511,12.4784
SIFT,SIFT,6,91,12.4213,11.1509
SIFT,SIFT,7,101,34.3404,13.5735
SIFT,SIFT,8,99,9.34376,14.6937
SIFT,SIFT,9,107,18.1318,13.3976
SIFT,SIFT,10,83,18.0318,11.5499
SIFT,SIFT,11,87,3.83244,11.2887
SIFT,SIFT,12,92,nan,11.0189
SIFT,SIFT,13,91,9.22307,9.95735
SIFT,SIFT,14,89,10.9678,10.5754
SIFT,SIFT,15,94,8.09422,9.77464
SIFT,SIFT,16,92,3.17535,9.05267
SIFT,SIFT,17,79,nan,8.69186
SIFT,SIFT,18,81,8.30978,8.9237
